ticketID,seatID,date
1,61,Jan 1
1,41,Jan 1
1,147,Jan 1
1,94,Jan 1
1,35,Jan 1
1,80,Jan 1
1,92,Jan 1
1,77,Jan 1
2,140,Jan 1
2,76,Jan 1
2,26,Jan 1
2,71,Jan 1
2,8,Jan 1
2,27,Jan 1
2,30,Jan 1
2,105,Jan 1
2,55,Jan 1
2,84,Jan 1
3,7,Jan 1
3,144,Jan 1
3,83,Jan 1
3,172,Jan 1
3,106,Jan 1
3,52,Jan 1
3,22,Jan 1
3,47,Jan 1
3,179,Jan 1
4,16,Jan 1
4,70,Jan 1
4,153,Jan 1
4,156,Jan 1
4,173,Jan 1
4,67,Jan 1
4,73,Jan 1
4,62,Jan 1
4,12,Jan 1
5,100,Jan 1
5,17,Jan 1
5,79,Jan 1
5,86,Jan 1
5,78,Jan 1
5,115,Jan 1
5,4,Jan 1
5,133,Jan 1
5,171,Jan 1
5,29,Jan 1
5,101,Jan 1
6,164,Jan 1
6,134,Jan 1
6,72,Jan 1
7,85,Jan 1
7,154,Jan 1
7,139,Jan 1
7,10,Jan 1
7,143,Jan 1
7,102,Jan 1
8,174,Jan 1
8,37,Jan 1
8,54,Jan 1
8,97,Jan 1
8,159,Jan 1
9,122,Jan 1
9,113,Jan 1
9,69,Jan 1
9,167,Jan 1
9,169,Jan 1
10,53,Jan 1
11,176,Jan 1
11,129,Jan 1
11,130,Jan 1
12,23,Jan 1
12,89,Jan 1
12,148,Jan 1
12,59,Jan 1
12,141,Jan 1
12,58,Jan 1
12,162,Jan 1
12,163,Jan 1
12,38,Jan 1
13,18,Jan 1
13,75,Jan 1
13,46,Jan 1
13,82,Jan 1
13,0,Jan 1
13,39,Jan 1
13,120,Jan 1
13,13,Jan 1
13,15,Jan 1
14,1,Jan 1
14,81,Jan 1
14,63,Jan 1
14,93,Jan 1
14,44,Jan 1
14,150,Jan 1
14,145,Jan 1
14,116,Jan 1
14,45,Jan 1
14,32,Jan 1
14,3,Jan 1
14,34,Jan 1
14,20,Jan 1
14,128,Jan 1
14,152,Jan 1
15,135,Jan 1
15,160,Jan 1
15,43,Jan 1
15,74,Jan 1
15,165,Jan 1
15,166,Jan 1
15,6,Jan 1
15,110,Jan 1
15,96,Jan 1
15,104,Jan 1
15,42,Jan 1
15,33,Jan 1
15,142,Jan 1
16,155,Jan 1
16,131,Jan 1
17,24,Jan 1
17,2,Jan 1
17,14,Jan 1
17,126,Jan 1
18,95,Jan 1
18,175,Jan 1
18,98,Jan 1
18,49,Jan 1
18,87,Jan 1
19,57,Jan 1
19,64,Jan 1
19,36,Jan 1
19,99,Jan 1
19,177,Jan 1
19,21,Jan 1
19,161,Jan 1
19,5,Jan 1
20,121,Jan 1
20,91,Jan 1
20,109,Jan 1
20,28,Jan 1
21,65,Jan 1
21,119,Jan 1
21,157,Jan 1
21,90,Jan 1
22,124,Jan 1
22,31,Jan 1
22,40,Jan 1
22,149,Jan 1
22,19,Jan 1
22,50,Jan 1
22,25,Jan 1
22,114,Jan 1
22,103,Jan 1
22,88,Jan 1
22,123,Jan 1
22,168,Jan 1
23,117,Jan 1
23,111,Jan 1
23,118,Jan 1
23,125,Jan 1
23,51,Jan 1
23,60,Jan 1
23,136,Jan 1
23,112,Jan 1
23,9,Jan 1
23,137,Jan 1
23,68,Jan 1
23,178,Jan 1
23,138,Jan 1
23,108,Jan 1
23,127,Jan 1
23,61,Jan 2
23,41,Jan 2
23,147,Jan 2
23,94,Jan 2
23,35,Jan 2
23,80,Jan 2
23,92,Jan 2
23,77,Jan 2
24,140,Jan 2
24,76,Jan 2
24,26,Jan 2
24,71,Jan 2
24,8,Jan 2
24,27,Jan 2
24,30,Jan 2
24,105,Jan 2
24,55,Jan 2
24,84,Jan 2
25,7,Jan 2
25,144,Jan 2
25,83,Jan 2
25,172,Jan 2
25,106,Jan 2
25,52,Jan 2
25,22,Jan 2
25,47,Jan 2
25,179,Jan 2
26,16,Jan 2
26,70,Jan 2
26,153,Jan 2
26,156,Jan 2
26,173,Jan 2
26,67,Jan 2
26,73,Jan 2
26,62,Jan 2
26,12,Jan 2
27,100,Jan 2
27,17,Jan 2
27,79,Jan 2
27,86,Jan 2
27,78,Jan 2
27,115,Jan 2
27,4,Jan 2
27,133,Jan 2
27,171,Jan 2
27,29,Jan 2
27,101,Jan 2
28,164,Jan 2
28,134,Jan 2
28,72,Jan 2
29,85,Jan 2
29,154,Jan 2
29,139,Jan 2
29,10,Jan 2
29,143,Jan 2
29,102,Jan 2
30,174,Jan 2
30,37,Jan 2
30,54,Jan 2
30,97,Jan 2
30,159,Jan 2
31,122,Jan 2
31,113,Jan 2
31,69,Jan 2
31,167,Jan 2
31,169,Jan 2
32,53,Jan 2
33,176,Jan 2
33,129,Jan 2
33,130,Jan 2
34,23,Jan 2
34,89,Jan 2
34,148,Jan 2
34,59,Jan 2
34,141,Jan 2
34,58,Jan 2
34,162,Jan 2
34,163,Jan 2
34,38,Jan 2
35,18,Jan 2
35,75,Jan 2
35,46,Jan 2
35,82,Jan 2
35,0,Jan 2
35,39,Jan 2
35,120,Jan 2
35,13,Jan 2
35,15,Jan 2
36,1,Jan 2
36,81,Jan 2
36,63,Jan 2
36,93,Jan 2
36,44,Jan 2
36,150,Jan 2
36,145,Jan 2
36,116,Jan 2
36,45,Jan 2
36,32,Jan 2
36,3,Jan 2
36,34,Jan 2
36,20,Jan 2
36,128,Jan 2
36,152,Jan 2
37,135,Jan 2
37,160,Jan 2
37,43,Jan 2
37,74,Jan 2
37,165,Jan 2
37,166,Jan 2
37,6,Jan 2
37,110,Jan 2
37,96,Jan 2
37,104,Jan 2
37,42,Jan 2
37,33,Jan 2
37,142,Jan 2
38,155,Jan 2
38,131,Jan 2
39,24,Jan 2
39,2,Jan 2
39,14,Jan 2
39,126,Jan 2
40,95,Jan 2
40,175,Jan 2
40,98,Jan 2
40,49,Jan 2
40,87,Jan 2
41,57,Jan 2
41,64,Jan 2
41,36,Jan 2
41,99,Jan 2
41,177,Jan 2
41,21,Jan 2
41,161,Jan 2
41,5,Jan 2
42,121,Jan 2
42,91,Jan 2
42,109,Jan 2
42,28,Jan 2
43,65,Jan 2
43,119,Jan 2
43,157,Jan 2
43,90,Jan 2
44,124,Jan 2
44,31,Jan 2
44,40,Jan 2
44,149,Jan 2
44,19,Jan 2
44,50,Jan 2
44,25,Jan 2
44,114,Jan 2
44,103,Jan 2
44,88,Jan 2
44,123,Jan 2
44,168,Jan 2
45,117,Jan 2
45,111,Jan 2
45,118,Jan 2
45,125,Jan 2
45,51,Jan 2
45,60,Jan 2
45,136,Jan 2
45,112,Jan 2
45,9,Jan 2
45,137,Jan 2
45,68,Jan 2
45,178,Jan 2
45,138,Jan 2
45,108,Jan 2
45,127,Jan 2
45,61,Jan 3
45,41,Jan 3
45,147,Jan 3
45,94,Jan 3
45,35,Jan 3
45,80,Jan 3
45,92,Jan 3
45,77,Jan 3
46,140,Jan 3
46,76,Jan 3
46,26,Jan 3
46,71,Jan 3
46,8,Jan 3
46,27,Jan 3
46,30,Jan 3
46,105,Jan 3
46,55,Jan 3
46,84,Jan 3
47,7,Jan 3
47,144,Jan 3
47,83,Jan 3
47,172,Jan 3
47,106,Jan 3
47,52,Jan 3
47,22,Jan 3
47,47,Jan 3
47,179,Jan 3
48,16,Jan 3
48,70,Jan 3
48,153,Jan 3
48,156,Jan 3
48,173,Jan 3
48,67,Jan 3
48,73,Jan 3
48,62,Jan 3
48,12,Jan 3
49,100,Jan 3
49,17,Jan 3
49,79,Jan 3
49,86,Jan 3
49,78,Jan 3
49,115,Jan 3
49,4,Jan 3
49,133,Jan 3
49,171,Jan 3
49,29,Jan 3
49,101,Jan 3
50,164,Jan 3
50,134,Jan 3
50,72,Jan 3
51,85,Jan 3
51,154,Jan 3
51,139,Jan 3
51,10,Jan 3
51,143,Jan 3
51,102,Jan 3
52,174,Jan 3
52,37,Jan 3
52,54,Jan 3
52,97,Jan 3
52,159,Jan 3
53,122,Jan 3
53,113,Jan 3
53,69,Jan 3
53,167,Jan 3
53,169,Jan 3
54,53,Jan 3
55,176,Jan 3
55,129,Jan 3
55,130,Jan 3
56,23,Jan 3
56,89,Jan 3
56,148,Jan 3
56,59,Jan 3
56,141,Jan 3
56,58,Jan 3
56,162,Jan 3
56,163,Jan 3
56,38,Jan 3
57,18,Jan 3
57,75,Jan 3
57,46,Jan 3
57,82,Jan 3
57,0,Jan 3
57,39,Jan 3
57,120,Jan 3
57,13,Jan 3
57,15,Jan 3
58,1,Jan 3
58,81,Jan 3
58,63,Jan 3
58,93,Jan 3
58,44,Jan 3
58,150,Jan 3
58,145,Jan 3
58,116,Jan 3
58,45,Jan 3
58,32,Jan 3
58,3,Jan 3
58,34,Jan 3
58,20,Jan 3
58,128,Jan 3
58,152,Jan 3
59,135,Jan 3
59,160,Jan 3
59,43,Jan 3
59,74,Jan 3
59,165,Jan 3
59,166,Jan 3
59,6,Jan 3
59,110,Jan 3
59,96,Jan 3
59,104,Jan 3
59,42,Jan 3
59,33,Jan 3
59,142,Jan 3
60,155,Jan 3
60,131,Jan 3
61,24,Jan 3
61,2,Jan 3
61,14,Jan 3
61,126,Jan 3
62,95,Jan 3
62,175,Jan 3
62,98,Jan 3
62,49,Jan 3
62,87,Jan 3
63,57,Jan 3
63,64,Jan 3
63,36,Jan 3
63,99,Jan 3
63,177,Jan 3
63,21,Jan 3
63,161,Jan 3
63,5,Jan 3
64,121,Jan 3
64,91,Jan 3
64,109,Jan 3
64,28,Jan 3
65,65,Jan 3
65,119,Jan 3
65,157,Jan 3
65,90,Jan 3
66,124,Jan 3
66,31,Jan 3
66,40,Jan 3
66,149,Jan 3
66,19,Jan 3
66,50,Jan 3
66,25,Jan 3
66,114,Jan 3
66,103,Jan 3
66,88,Jan 3
66,123,Jan 3
66,168,Jan 3
67,117,Jan 3
67,111,Jan 3
67,118,Jan 3
67,125,Jan 3
67,51,Jan 3
67,60,Jan 3
67,136,Jan 3
67,112,Jan 3
67,9,Jan 3
67,137,Jan 3
67,68,Jan 3
67,178,Jan 3
67,138,Jan 3
67,108,Jan 3
67,127,Jan 3
67,61,Jan 4
67,41,Jan 4
67,147,Jan 4
67,94,Jan 4
67,35,Jan 4
67,80,Jan 4
67,92,Jan 4
67,77,Jan 4
68,140,Jan 4
68,76,Jan 4
68,26,Jan 4
68,71,Jan 4
68,8,Jan 4
68,27,Jan 4
68,30,Jan 4
68,105,Jan 4
68,55,Jan 4
68,84,Jan 4
69,7,Jan 4
69,144,Jan 4
69,83,Jan 4
69,172,Jan 4
69,106,Jan 4
69,52,Jan 4
69,22,Jan 4
69,47,Jan 4
69,179,Jan 4
70,16,Jan 4
70,70,Jan 4
70,153,Jan 4
70,156,Jan 4
70,173,Jan 4
70,67,Jan 4
70,73,Jan 4
70,62,Jan 4
70,12,Jan 4
71,100,Jan 4
71,17,Jan 4
71,79,Jan 4
71,86,Jan 4
71,78,Jan 4
71,115,Jan 4
71,4,Jan 4
71,133,Jan 4
71,171,Jan 4
71,29,Jan 4
71,101,Jan 4
72,164,Jan 4
72,134,Jan 4
72,72,Jan 4
73,85,Jan 4
73,154,Jan 4
73,139,Jan 4
73,10,Jan 4
73,143,Jan 4
73,102,Jan 4
74,174,Jan 4
74,37,Jan 4
74,54,Jan 4
74,97,Jan 4
74,159,Jan 4
75,122,Jan 4
75,113,Jan 4
75,69,Jan 4
75,167,Jan 4
75,169,Jan 4
76,53,Jan 4
77,176,Jan 4
77,129,Jan 4
77,130,Jan 4
78,23,Jan 4
78,89,Jan 4
78,148,Jan 4
78,59,Jan 4
78,141,Jan 4
78,58,Jan 4
78,162,Jan 4
78,163,Jan 4
78,38,Jan 4
79,18,Jan 4
79,75,Jan 4
79,46,Jan 4
79,82,Jan 4
79,0,Jan 4
79,39,Jan 4
79,120,Jan 4
79,13,Jan 4
79,15,Jan 4
80,1,Jan 4
80,81,Jan 4
80,63,Jan 4
80,93,Jan 4
80,44,Jan 4
80,150,Jan 4
80,145,Jan 4
80,116,Jan 4
80,45,Jan 4
80,32,Jan 4
80,3,Jan 4
80,34,Jan 4
80,20,Jan 4
80,128,Jan 4
80,152,Jan 4
81,135,Jan 4
81,160,Jan 4
81,43,Jan 4
81,74,Jan 4
81,165,Jan 4
81,166,Jan 4
81,6,Jan 4
81,110,Jan 4
81,96,Jan 4
81,104,Jan 4
81,42,Jan 4
81,33,Jan 4
81,142,Jan 4
82,155,Jan 4
82,131,Jan 4
83,24,Jan 4
83,2,Jan 4
83,14,Jan 4
83,126,Jan 4
84,95,Jan 4
84,175,Jan 4
84,98,Jan 4
84,49,Jan 4
84,87,Jan 4
85,57,Jan 4
85,64,Jan 4
85,36,Jan 4
85,99,Jan 4
85,177,Jan 4
85,21,Jan 4
85,161,Jan 4
85,5,Jan 4
86,121,Jan 4
86,91,Jan 4
86,109,Jan 4
86,28,Jan 4
87,65,Jan 4
87,119,Jan 4
87,157,Jan 4
87,90,Jan 4
88,124,Jan 4
88,31,Jan 4
88,40,Jan 4
88,149,Jan 4
88,19,Jan 4
88,50,Jan 4
88,25,Jan 4
88,114,Jan 4
88,103,Jan 4
88,88,Jan 4
88,123,Jan 4
88,168,Jan 4
89,117,Jan 4
89,111,Jan 4
89,118,Jan 4
89,125,Jan 4
89,51,Jan 4
89,60,Jan 4
89,136,Jan 4
89,112,Jan 4
89,9,Jan 4
89,137,Jan 4
89,68,Jan 4
89,178,Jan 4
89,138,Jan 4
89,108,Jan 4
89,127,Jan 4
89,61,Jan 5
89,41,Jan 5
89,147,Jan 5
89,94,Jan 5
89,35,Jan 5
89,80,Jan 5
89,92,Jan 5
89,77,Jan 5
90,140,Jan 5
90,76,Jan 5
90,26,Jan 5
90,71,Jan 5
90,8,Jan 5
90,27,Jan 5
90,30,Jan 5
90,105,Jan 5
90,55,Jan 5
90,84,Jan 5
91,7,Jan 5
91,144,Jan 5
91,83,Jan 5
91,172,Jan 5
91,106,Jan 5
91,52,Jan 5
91,22,Jan 5
91,47,Jan 5
91,179,Jan 5
92,16,Jan 5
92,70,Jan 5
92,153,Jan 5
92,156,Jan 5
92,173,Jan 5
92,67,Jan 5
92,73,Jan 5
92,62,Jan 5
92,12,Jan 5
93,100,Jan 5
93,17,Jan 5
93,79,Jan 5
93,86,Jan 5
93,78,Jan 5
93,115,Jan 5
93,4,Jan 5
93,133,Jan 5
93,171,Jan 5
93,29,Jan 5
93,101,Jan 5
94,164,Jan 5
94,134,Jan 5
94,72,Jan 5
95,85,Jan 5
95,154,Jan 5
95,139,Jan 5
95,10,Jan 5
95,143,Jan 5
95,102,Jan 5
96,174,Jan 5
96,37,Jan 5
96,54,Jan 5
96,97,Jan 5
96,159,Jan 5
97,122,Jan 5
97,113,Jan 5
97,69,Jan 5
97,167,Jan 5
97,169,Jan 5
98,53,Jan 5
99,176,Jan 5
99,129,Jan 5
99,130,Jan 5
100,23,Jan 5
100,89,Jan 5
100,148,Jan 5
100,59,Jan 5
100,141,Jan 5
100,58,Jan 5
100,162,Jan 5
100,163,Jan 5
100,38,Jan 5
101,18,Jan 5
101,75,Jan 5
101,46,Jan 5
101,82,Jan 5
101,0,Jan 5
101,39,Jan 5
101,120,Jan 5
101,13,Jan 5
101,15,Jan 5
102,1,Jan 5
102,81,Jan 5
102,63,Jan 5
102,93,Jan 5
102,44,Jan 5
102,150,Jan 5
102,145,Jan 5
102,116,Jan 5
102,45,Jan 5
102,32,Jan 5
102,3,Jan 5
102,34,Jan 5
102,20,Jan 5
102,128,Jan 5
102,152,Jan 5
103,135,Jan 5
103,160,Jan 5
103,43,Jan 5
103,74,Jan 5
103,165,Jan 5
103,166,Jan 5
103,6,Jan 5
103,110,Jan 5
103,96,Jan 5
103,104,Jan 5
103,42,Jan 5
103,33,Jan 5
103,142,Jan 5
104,155,Jan 5
104,131,Jan 5
105,24,Jan 5
105,2,Jan 5
105,14,Jan 5
105,126,Jan 5
106,95,Jan 5
106,175,Jan 5
106,98,Jan 5
106,49,Jan 5
106,87,Jan 5
107,57,Jan 5
107,64,Jan 5
107,36,Jan 5
107,99,Jan 5
107,177,Jan 5
107,21,Jan 5
107,161,Jan 5
107,5,Jan 5
108,121,Jan 5
108,91,Jan 5
108,109,Jan 5
108,28,Jan 5
109,65,Jan 5
109,119,Jan 5
109,157,Jan 5
109,90,Jan 5
110,124,Jan 5
110,31,Jan 5
110,40,Jan 5
110,149,Jan 5
110,19,Jan 5
110,50,Jan 5
110,25,Jan 5
110,114,Jan 5
110,103,Jan 5
110,88,Jan 5
110,123,Jan 5
110,168,Jan 5
111,117,Jan 5
111,111,Jan 5
111,118,Jan 5
111,125,Jan 5
111,51,Jan 5
111,60,Jan 5
111,136,Jan 5
111,112,Jan 5
111,9,Jan 5
111,137,Jan 5
111,68,Jan 5
111,178,Jan 5
111,138,Jan 5
111,108,Jan 5
111,127,Jan 5
111,61,Jan 6
111,41,Jan 6
111,147,Jan 6
111,94,Jan 6
111,35,Jan 6
111,80,Jan 6
111,92,Jan 6
111,77,Jan 6
112,140,Jan 6
112,76,Jan 6
112,26,Jan 6
112,71,Jan 6
112,8,Jan 6
112,27,Jan 6
112,30,Jan 6
112,105,Jan 6
112,55,Jan 6
112,84,Jan 6
113,7,Jan 6
113,144,Jan 6
113,83,Jan 6
113,172,Jan 6
113,106,Jan 6
113,52,Jan 6
113,22,Jan 6
113,47,Jan 6
113,179,Jan 6
114,16,Jan 6
114,70,Jan 6
114,153,Jan 6
114,156,Jan 6
114,173,Jan 6
114,67,Jan 6
114,73,Jan 6
114,62,Jan 6
114,12,Jan 6
115,100,Jan 6
115,17,Jan 6
115,79,Jan 6
115,86,Jan 6
115,78,Jan 6
115,115,Jan 6
115,4,Jan 6
115,133,Jan 6
115,171,Jan 6
115,29,Jan 6
115,101,Jan 6
116,164,Jan 6
116,134,Jan 6
116,72,Jan 6
117,85,Jan 6
117,154,Jan 6
117,139,Jan 6
117,10,Jan 6
117,143,Jan 6
117,102,Jan 6
118,174,Jan 6
118,37,Jan 6
118,54,Jan 6
118,97,Jan 6
118,159,Jan 6
119,122,Jan 6
119,113,Jan 6
119,69,Jan 6
119,167,Jan 6
119,169,Jan 6
120,53,Jan 6
121,176,Jan 6
121,129,Jan 6
121,130,Jan 6
122,23,Jan 6
122,89,Jan 6
122,148,Jan 6
122,59,Jan 6
122,141,Jan 6
122,58,Jan 6
122,162,Jan 6
122,163,Jan 6
122,38,Jan 6
123,18,Jan 6
123,75,Jan 6
123,46,Jan 6
123,82,Jan 6
123,0,Jan 6
123,39,Jan 6
123,120,Jan 6
123,13,Jan 6
123,15,Jan 6
124,1,Jan 6
124,81,Jan 6
124,63,Jan 6
124,93,Jan 6
124,44,Jan 6
124,150,Jan 6
124,145,Jan 6
124,116,Jan 6
124,45,Jan 6
124,32,Jan 6
124,3,Jan 6
124,34,Jan 6
124,20,Jan 6
124,128,Jan 6
124,152,Jan 6
125,135,Jan 6
125,160,Jan 6
125,43,Jan 6
125,74,Jan 6
125,165,Jan 6
125,166,Jan 6
125,6,Jan 6
125,110,Jan 6
125,96,Jan 6
125,104,Jan 6
125,42,Jan 6
125,33,Jan 6
125,142,Jan 6
126,155,Jan 6
126,131,Jan 6
127,24,Jan 6
127,2,Jan 6
127,14,Jan 6
127,126,Jan 6
128,95,Jan 6
128,175,Jan 6
128,98,Jan 6
128,49,Jan 6
128,87,Jan 6
129,57,Jan 6
129,64,Jan 6
129,36,Jan 6
129,99,Jan 6
129,177,Jan 6
129,21,Jan 6
129,161,Jan 6
129,5,Jan 6
130,121,Jan 6
130,91,Jan 6
130,109,Jan 6
130,28,Jan 6
131,65,Jan 6
131,119,Jan 6
131,157,Jan 6
131,90,Jan 6
132,124,Jan 6
132,31,Jan 6
132,40,Jan 6
132,149,Jan 6
132,19,Jan 6
132,50,Jan 6
132,25,Jan 6
132,114,Jan 6
132,103,Jan 6
132,88,Jan 6
132,123,Jan 6
132,168,Jan 6
133,117,Jan 6
133,111,Jan 6
133,118,Jan 6
133,125,Jan 6
133,51,Jan 6
133,60,Jan 6
133,136,Jan 6
133,112,Jan 6
133,9,Jan 6
133,137,Jan 6
133,68,Jan 6
133,178,Jan 6
133,138,Jan 6
133,108,Jan 6
133,127,Jan 6
133,61,Jan 7
133,41,Jan 7
133,147,Jan 7
133,94,Jan 7
133,35,Jan 7
133,80,Jan 7
133,92,Jan 7
133,77,Jan 7
134,140,Jan 7
134,76,Jan 7
134,26,Jan 7
134,71,Jan 7
134,8,Jan 7
134,27,Jan 7
134,30,Jan 7
134,105,Jan 7
134,55,Jan 7
134,84,Jan 7
135,7,Jan 7
135,144,Jan 7
135,83,Jan 7
135,172,Jan 7
135,106,Jan 7
135,52,Jan 7
135,22,Jan 7
135,47,Jan 7
135,179,Jan 7
136,16,Jan 7
136,70,Jan 7
136,153,Jan 7
136,156,Jan 7
136,173,Jan 7
136,67,Jan 7
136,73,Jan 7
136,62,Jan 7
136,12,Jan 7
137,100,Jan 7
137,17,Jan 7
137,79,Jan 7
137,86,Jan 7
137,78,Jan 7
137,115,Jan 7
137,4,Jan 7
137,133,Jan 7
137,171,Jan 7
137,29,Jan 7
137,101,Jan 7
138,164,Jan 7
138,134,Jan 7
138,72,Jan 7
139,85,Jan 7
139,154,Jan 7
139,139,Jan 7
139,10,Jan 7
139,143,Jan 7
139,102,Jan 7
140,174,Jan 7
140,37,Jan 7
140,54,Jan 7
140,97,Jan 7
140,159,Jan 7
141,122,Jan 7
141,113,Jan 7
141,69,Jan 7
141,167,Jan 7
141,169,Jan 7
142,53,Jan 7
143,176,Jan 7
143,129,Jan 7
143,130,Jan 7
144,23,Jan 7
144,89,Jan 7
144,148,Jan 7
144,59,Jan 7
144,141,Jan 7
144,58,Jan 7
144,162,Jan 7
144,163,Jan 7
144,38,Jan 7
145,18,Jan 7
145,75,Jan 7
145,46,Jan 7
145,82,Jan 7
145,0,Jan 7
145,39,Jan 7
145,120,Jan 7
145,13,Jan 7
145,15,Jan 7
146,1,Jan 7
146,81,Jan 7
146,63,Jan 7
146,93,Jan 7
146,44,Jan 7
146,150,Jan 7
146,145,Jan 7
146,116,Jan 7
146,45,Jan 7
146,32,Jan 7
146,3,Jan 7
146,34,Jan 7
146,20,Jan 7
146,128,Jan 7
146,152,Jan 7
147,135,Jan 7
147,160,Jan 7
147,43,Jan 7
147,74,Jan 7
147,165,Jan 7
147,166,Jan 7
147,6,Jan 7
147,110,Jan 7
147,96,Jan 7
147,104,Jan 7
147,42,Jan 7
147,33,Jan 7
147,142,Jan 7
148,155,Jan 7
148,131,Jan 7
149,24,Jan 7
149,2,Jan 7
149,14,Jan 7
149,126,Jan 7
150,95,Jan 7
150,175,Jan 7
150,98,Jan 7
150,49,Jan 7
150,87,Jan 7
151,57,Jan 7
151,64,Jan 7
151,36,Jan 7
151,99,Jan 7
151,177,Jan 7
151,21,Jan 7
151,161,Jan 7
151,5,Jan 7
152,121,Jan 7
152,91,Jan 7
152,109,Jan 7
152,28,Jan 7
153,65,Jan 7
153,119,Jan 7
153,157,Jan 7
153,90,Jan 7
154,124,Jan 7
154,31,Jan 7
154,40,Jan 7
154,149,Jan 7
154,19,Jan 7
154,50,Jan 7
154,25,Jan 7
154,114,Jan 7
154,103,Jan 7
154,88,Jan 7
154,123,Jan 7
154,168,Jan 7
155,117,Jan 7
155,111,Jan 7
155,118,Jan 7
155,125,Jan 7
155,51,Jan 7
155,60,Jan 7
155,136,Jan 7
155,112,Jan 7
155,9,Jan 7
155,137,Jan 7
155,68,Jan 7
155,178,Jan 7
155,138,Jan 7
155,108,Jan 7
155,127,Jan 7
155,61,Jan 8
155,41,Jan 8
155,147,Jan 8
155,94,Jan 8
155,35,Jan 8
155,80,Jan 8
155,92,Jan 8
155,77,Jan 8
156,140,Jan 8
156,76,Jan 8
156,26,Jan 8
156,71,Jan 8
156,8,Jan 8
156,27,Jan 8
156,30,Jan 8
156,105,Jan 8
156,55,Jan 8
156,84,Jan 8
157,7,Jan 8
157,144,Jan 8
157,83,Jan 8
157,172,Jan 8
157,106,Jan 8
157,52,Jan 8
157,22,Jan 8
157,47,Jan 8
157,179,Jan 8
158,16,Jan 8
158,70,Jan 8
158,153,Jan 8
158,156,Jan 8
158,173,Jan 8
158,67,Jan 8
158,73,Jan 8
158,62,Jan 8
158,12,Jan 8
159,100,Jan 8
159,17,Jan 8
159,79,Jan 8
159,86,Jan 8
159,78,Jan 8
159,115,Jan 8
159,4,Jan 8
159,133,Jan 8
159,171,Jan 8
159,29,Jan 8
159,101,Jan 8
160,164,Jan 8
160,134,Jan 8
160,72,Jan 8
161,85,Jan 8
161,154,Jan 8
161,139,Jan 8
161,10,Jan 8
161,143,Jan 8
161,102,Jan 8
162,174,Jan 8
162,37,Jan 8
162,54,Jan 8
162,97,Jan 8
162,159,Jan 8
163,122,Jan 8
163,113,Jan 8
163,69,Jan 8
163,167,Jan 8
163,169,Jan 8
164,53,Jan 8
165,176,Jan 8
165,129,Jan 8
165,130,Jan 8
166,23,Jan 8
166,89,Jan 8
166,148,Jan 8
166,59,Jan 8
166,141,Jan 8
166,58,Jan 8
166,162,Jan 8
166,163,Jan 8
166,38,Jan 8
167,18,Jan 8
167,75,Jan 8
167,46,Jan 8
167,82,Jan 8
167,0,Jan 8
167,39,Jan 8
167,120,Jan 8
167,13,Jan 8
167,15,Jan 8
168,1,Jan 8
168,81,Jan 8
168,63,Jan 8
168,93,Jan 8
168,44,Jan 8
168,150,Jan 8
168,145,Jan 8
168,116,Jan 8
168,45,Jan 8
168,32,Jan 8
168,3,Jan 8
168,34,Jan 8
168,20,Jan 8
168,128,Jan 8
168,152,Jan 8
169,135,Jan 8
169,160,Jan 8
169,43,Jan 8
169,74,Jan 8
169,165,Jan 8
169,166,Jan 8
169,6,Jan 8
169,110,Jan 8
169,96,Jan 8
169,104,Jan 8
169,42,Jan 8
169,33,Jan 8
169,142,Jan 8
170,155,Jan 8
170,131,Jan 8
171,24,Jan 8
171,2,Jan 8
171,14,Jan 8
171,126,Jan 8
172,95,Jan 8
172,175,Jan 8
172,98,Jan 8
172,49,Jan 8
172,87,Jan 8
173,57,Jan 8
173,64,Jan 8
173,36,Jan 8
173,99,Jan 8
173,177,Jan 8
173,21,Jan 8
173,161,Jan 8
173,5,Jan 8
174,121,Jan 8
174,91,Jan 8
174,109,Jan 8
174,28,Jan 8
175,65,Jan 8
175,119,Jan 8
175,157,Jan 8
175,90,Jan 8
176,124,Jan 8
176,31,Jan 8
176,40,Jan 8
176,149,Jan 8
176,19,Jan 8
176,50,Jan 8
176,25,Jan 8
176,114,Jan 8
176,103,Jan 8
176,88,Jan 8
176,123,Jan 8
176,168,Jan 8
177,117,Jan 8
177,111,Jan 8
177,118,Jan 8
177,125,Jan 8
177,51,Jan 8
177,60,Jan 8
177,136,Jan 8
177,112,Jan 8
177,9,Jan 8
177,137,Jan 8
177,68,Jan 8
177,178,Jan 8
177,138,Jan 8
177,108,Jan 8
177,127,Jan 8
177,61,Jan 9
177,41,Jan 9
177,147,Jan 9
177,94,Jan 9
177,35,Jan 9
177,80,Jan 9
177,92,Jan 9
177,77,Jan 9
178,140,Jan 9
178,76,Jan 9
178,26,Jan 9
178,71,Jan 9
178,8,Jan 9
178,27,Jan 9
178,30,Jan 9
178,105,Jan 9
178,55,Jan 9
178,84,Jan 9
179,7,Jan 9
179,144,Jan 9
179,83,Jan 9
179,172,Jan 9
179,106,Jan 9
179,52,Jan 9
179,22,Jan 9
179,47,Jan 9
179,179,Jan 9
180,16,Jan 9
180,70,Jan 9
180,153,Jan 9
180,156,Jan 9
180,173,Jan 9
180,67,Jan 9
180,73,Jan 9
180,62,Jan 9
180,12,Jan 9
181,100,Jan 9
181,17,Jan 9
181,79,Jan 9
181,86,Jan 9
181,78,Jan 9
181,115,Jan 9
181,4,Jan 9
181,133,Jan 9
181,171,Jan 9
181,29,Jan 9
181,101,Jan 9
182,164,Jan 9
182,134,Jan 9
182,72,Jan 9
183,85,Jan 9
183,154,Jan 9
183,139,Jan 9
183,10,Jan 9
183,143,Jan 9
183,102,Jan 9
184,174,Jan 9
184,37,Jan 9
184,54,Jan 9
184,97,Jan 9
184,159,Jan 9
185,122,Jan 9
185,113,Jan 9
185,69,Jan 9
185,167,Jan 9
185,169,Jan 9
186,53,Jan 9
187,176,Jan 9
187,129,Jan 9
187,130,Jan 9
188,23,Jan 9
188,89,Jan 9
188,148,Jan 9
188,59,Jan 9
188,141,Jan 9
188,58,Jan 9
188,162,Jan 9
188,163,Jan 9
188,38,Jan 9
189,18,Jan 9
189,75,Jan 9
189,46,Jan 9
189,82,Jan 9
189,0,Jan 9
189,39,Jan 9
189,120,Jan 9
189,13,Jan 9
189,15,Jan 9
190,1,Jan 9
190,81,Jan 9
190,63,Jan 9
190,93,Jan 9
190,44,Jan 9
190,150,Jan 9
190,145,Jan 9
190,116,Jan 9
190,45,Jan 9
190,32,Jan 9
190,3,Jan 9
190,34,Jan 9
190,20,Jan 9
190,128,Jan 9
190,152,Jan 9
191,135,Jan 9
191,160,Jan 9
191,43,Jan 9
191,74,Jan 9
191,165,Jan 9
191,166,Jan 9
191,6,Jan 9
191,110,Jan 9
191,96,Jan 9
191,104,Jan 9
191,42,Jan 9
191,33,Jan 9
191,142,Jan 9
192,155,Jan 9
192,131,Jan 9
193,24,Jan 9
193,2,Jan 9
193,14,Jan 9
193,126,Jan 9
194,95,Jan 9
194,175,Jan 9
194,98,Jan 9
194,49,Jan 9
194,87,Jan 9
195,57,Jan 9
195,64,Jan 9
195,36,Jan 9
195,99,Jan 9
195,177,Jan 9
195,21,Jan 9
195,161,Jan 9
195,5,Jan 9
196,121,Jan 9
196,91,Jan 9
196,109,Jan 9
196,28,Jan 9
197,65,Jan 9
197,119,Jan 9
197,157,Jan 9
197,90,Jan 9
198,124,Jan 9
198,31,Jan 9
198,40,Jan 9
198,149,Jan 9
198,19,Jan 9
198,50,Jan 9
198,25,Jan 9
198,114,Jan 9
198,103,Jan 9
198,88,Jan 9
198,123,Jan 9
198,168,Jan 9
199,117,Jan 9
199,111,Jan 9
199,118,Jan 9
199,125,Jan 9
199,51,Jan 9
199,60,Jan 9
199,136,Jan 9
199,112,Jan 9
199,9,Jan 9
199,137,Jan 9
199,68,Jan 9
199,178,Jan 9
199,138,Jan 9
199,108,Jan 9
199,127,Jan 9
199,61,Jan 10
199,41,Jan 10
199,147,Jan 10
199,94,Jan 10
199,35,Jan 10
199,80,Jan 10
199,92,Jan 10
199,77,Jan 10
200,140,Jan 10
200,76,Jan 10
200,26,Jan 10
200,71,Jan 10
200,8,Jan 10
200,27,Jan 10
200,30,Jan 10
200,105,Jan 10
200,55,Jan 10
200,84,Jan 10
201,7,Jan 10
201,144,Jan 10
201,83,Jan 10
201,172,Jan 10
201,106,Jan 10
201,52,Jan 10
201,22,Jan 10
201,47,Jan 10
201,179,Jan 10
202,16,Jan 10
202,70,Jan 10
202,153,Jan 10
202,156,Jan 10
202,173,Jan 10
202,67,Jan 10
202,73,Jan 10
202,62,Jan 10
202,12,Jan 10
203,100,Jan 10
203,17,Jan 10
203,79,Jan 10
203,86,Jan 10
203,78,Jan 10
203,115,Jan 10
203,4,Jan 10
203,133,Jan 10
203,171,Jan 10
203,29,Jan 10
203,101,Jan 10
204,164,Jan 10
204,134,Jan 10
204,72,Jan 10
205,85,Jan 10
205,154,Jan 10
205,139,Jan 10
205,10,Jan 10
205,143,Jan 10
205,102,Jan 10
206,174,Jan 10
206,37,Jan 10
206,54,Jan 10
206,97,Jan 10
206,159,Jan 10
207,122,Jan 10
207,113,Jan 10
207,69,Jan 10
207,167,Jan 10
207,169,Jan 10
208,53,Jan 10
209,176,Jan 10
209,129,Jan 10
209,130,Jan 10
210,23,Jan 10
210,89,Jan 10
210,148,Jan 10
210,59,Jan 10
210,141,Jan 10
210,58,Jan 10
210,162,Jan 10
210,163,Jan 10
210,38,Jan 10
211,18,Jan 10
211,75,Jan 10
211,46,Jan 10
211,82,Jan 10
211,0,Jan 10
211,39,Jan 10
211,120,Jan 10
211,13,Jan 10
211,15,Jan 10
212,1,Jan 10
212,81,Jan 10
212,63,Jan 10
212,93,Jan 10
212,44,Jan 10
212,150,Jan 10
212,145,Jan 10
212,116,Jan 10
212,45,Jan 10
212,32,Jan 10
212,3,Jan 10
212,34,Jan 10
212,20,Jan 10
212,128,Jan 10
212,152,Jan 10
213,135,Jan 10
213,160,Jan 10
213,43,Jan 10
213,74,Jan 10
213,165,Jan 10
213,166,Jan 10
213,6,Jan 10
213,110,Jan 10
213,96,Jan 10
213,104,Jan 10
213,42,Jan 10
213,33,Jan 10
213,142,Jan 10
214,155,Jan 10
214,131,Jan 10
215,24,Jan 10
215,2,Jan 10
215,14,Jan 10
215,126,Jan 10
216,95,Jan 10
216,175,Jan 10
216,98,Jan 10
216,49,Jan 10
216,87,Jan 10
217,57,Jan 10
217,64,Jan 10
217,36,Jan 10
217,99,Jan 10
217,177,Jan 10
217,21,Jan 10
217,161,Jan 10
217,5,Jan 10
218,121,Jan 10
218,91,Jan 10
218,109,Jan 10
218,28,Jan 10
219,65,Jan 10
219,119,Jan 10
219,157,Jan 10
219,90,Jan 10
220,124,Jan 10
220,31,Jan 10
220,40,Jan 10
220,149,Jan 10
220,19,Jan 10
220,50,Jan 10
220,25,Jan 10
220,114,Jan 10
220,103,Jan 10
220,88,Jan 10
220,123,Jan 10
220,168,Jan 10
221,117,Jan 10
221,111,Jan 10
221,118,Jan 10
221,125,Jan 10
221,51,Jan 10
221,60,Jan 10
221,136,Jan 10
221,112,Jan 10
221,9,Jan 10
221,137,Jan 10
221,68,Jan 10
221,178,Jan 10
221,138,Jan 10
221,108,Jan 10
221,127,Jan 10
221,61,Jan 11
221,41,Jan 11
221,147,Jan 11
221,94,Jan 11
221,35,Jan 11
221,80,Jan 11
221,92,Jan 11
221,77,Jan 11
222,140,Jan 11
222,76,Jan 11
222,26,Jan 11
222,71,Jan 11
222,8,Jan 11
222,27,Jan 11
222,30,Jan 11
222,105,Jan 11
222,55,Jan 11
222,84,Jan 11
223,7,Jan 11
223,144,Jan 11
223,83,Jan 11
223,172,Jan 11
223,106,Jan 11
223,52,Jan 11
223,22,Jan 11
223,47,Jan 11
223,179,Jan 11
224,16,Jan 11
224,70,Jan 11
224,153,Jan 11
224,156,Jan 11
224,173,Jan 11
224,67,Jan 11
224,73,Jan 11
224,62,Jan 11
224,12,Jan 11
225,100,Jan 11
225,17,Jan 11
225,79,Jan 11
225,86,Jan 11
225,78,Jan 11
225,115,Jan 11
225,4,Jan 11
225,133,Jan 11
225,171,Jan 11
225,29,Jan 11
225,101,Jan 11
226,164,Jan 11
226,134,Jan 11
226,72,Jan 11
227,85,Jan 11
227,154,Jan 11
227,139,Jan 11
227,10,Jan 11
227,143,Jan 11
227,102,Jan 11
228,174,Jan 11
228,37,Jan 11
228,54,Jan 11
228,97,Jan 11
228,159,Jan 11
229,122,Jan 11
229,113,Jan 11
229,69,Jan 11
229,167,Jan 11
229,169,Jan 11
230,53,Jan 11
231,176,Jan 11
231,129,Jan 11
231,130,Jan 11
232,23,Jan 11
232,89,Jan 11
232,148,Jan 11
232,59,Jan 11
232,141,Jan 11
232,58,Jan 11
232,162,Jan 11
232,163,Jan 11
232,38,Jan 11
233,18,Jan 11
233,75,Jan 11
233,46,Jan 11
233,82,Jan 11
233,0,Jan 11
233,39,Jan 11
233,120,Jan 11
233,13,Jan 11
233,15,Jan 11
234,1,Jan 11
234,81,Jan 11
234,63,Jan 11
234,93,Jan 11
234,44,Jan 11
234,150,Jan 11
234,145,Jan 11
234,116,Jan 11
234,45,Jan 11
234,32,Jan 11
234,3,Jan 11
234,34,Jan 11
234,20,Jan 11
234,128,Jan 11
234,152,Jan 11
235,135,Jan 11
235,160,Jan 11
235,43,Jan 11
235,74,Jan 11
235,165,Jan 11
235,166,Jan 11
235,6,Jan 11
235,110,Jan 11
235,96,Jan 11
235,104,Jan 11
235,42,Jan 11
235,33,Jan 11
235,142,Jan 11
236,155,Jan 11
236,131,Jan 11
237,24,Jan 11
237,2,Jan 11
237,14,Jan 11
237,126,Jan 11
238,95,Jan 11
238,175,Jan 11
238,98,Jan 11
238,49,Jan 11
238,87,Jan 11
239,57,Jan 11
239,64,Jan 11
239,36,Jan 11
239,99,Jan 11
239,177,Jan 11
239,21,Jan 11
239,161,Jan 11
239,5,Jan 11
240,121,Jan 11
240,91,Jan 11
240,109,Jan 11
240,28,Jan 11
241,65,Jan 11
241,119,Jan 11
241,157,Jan 11
241,90,Jan 11
242,124,Jan 11
242,31,Jan 11
242,40,Jan 11
242,149,Jan 11
242,19,Jan 11
242,50,Jan 11
242,25,Jan 11
242,114,Jan 11
242,103,Jan 11
242,88,Jan 11
242,123,Jan 11
242,168,Jan 11
243,117,Jan 11
243,111,Jan 11
243,118,Jan 11
243,125,Jan 11
243,51,Jan 11
243,60,Jan 11
243,136,Jan 11
243,112,Jan 11
243,9,Jan 11
243,137,Jan 11
243,68,Jan 11
243,178,Jan 11
243,138,Jan 11
243,108,Jan 11
243,127,Jan 11
243,61,Jan 12
243,41,Jan 12
243,147,Jan 12
243,94,Jan 12
243,35,Jan 12
243,80,Jan 12
243,92,Jan 12
243,77,Jan 12
244,140,Jan 12
244,76,Jan 12
244,26,Jan 12
244,71,Jan 12
244,8,Jan 12
244,27,Jan 12
244,30,Jan 12
244,105,Jan 12
244,55,Jan 12
244,84,Jan 12
245,7,Jan 12
245,144,Jan 12
245,83,Jan 12
245,172,Jan 12
245,106,Jan 12
245,52,Jan 12
245,22,Jan 12
245,47,Jan 12
245,179,Jan 12
246,16,Jan 12
246,70,Jan 12
246,153,Jan 12
246,156,Jan 12
246,173,Jan 12
246,67,Jan 12
246,73,Jan 12
246,62,Jan 12
246,12,Jan 12
247,100,Jan 12
247,17,Jan 12
247,79,Jan 12
247,86,Jan 12
247,78,Jan 12
247,115,Jan 12
247,4,Jan 12
247,133,Jan 12
247,171,Jan 12
247,29,Jan 12
247,101,Jan 12
248,164,Jan 12
248,134,Jan 12
248,72,Jan 12
249,85,Jan 12
249,154,Jan 12
249,139,Jan 12
249,10,Jan 12
249,143,Jan 12
249,102,Jan 12
250,174,Jan 12
250,37,Jan 12
250,54,Jan 12
250,97,Jan 12
250,159,Jan 12
251,122,Jan 12
251,113,Jan 12
251,69,Jan 12
251,167,Jan 12
251,169,Jan 12
252,53,Jan 12
253,176,Jan 12
253,129,Jan 12
253,130,Jan 12
254,23,Jan 12
254,89,Jan 12
254,148,Jan 12
254,59,Jan 12
254,141,Jan 12
254,58,Jan 12
254,162,Jan 12
254,163,Jan 12
254,38,Jan 12
255,18,Jan 12
255,75,Jan 12
255,46,Jan 12
255,82,Jan 12
255,0,Jan 12
255,39,Jan 12
255,120,Jan 12
255,13,Jan 12
255,15,Jan 12
256,1,Jan 12
256,81,Jan 12
256,63,Jan 12
256,93,Jan 12
256,44,Jan 12
256,150,Jan 12
256,145,Jan 12
256,116,Jan 12
256,45,Jan 12
256,32,Jan 12
256,3,Jan 12
256,34,Jan 12
256,20,Jan 12
256,128,Jan 12
256,152,Jan 12
257,135,Jan 12
257,160,Jan 12
257,43,Jan 12
257,74,Jan 12
257,165,Jan 12
257,166,Jan 12
257,6,Jan 12
257,110,Jan 12
257,96,Jan 12
257,104,Jan 12
257,42,Jan 12
257,33,Jan 12
257,142,Jan 12
258,155,Jan 12
258,131,Jan 12
259,24,Jan 12
259,2,Jan 12
259,14,Jan 12
259,126,Jan 12
260,95,Jan 12
260,175,Jan 12
260,98,Jan 12
260,49,Jan 12
260,87,Jan 12
261,57,Jan 12
261,64,Jan 12
261,36,Jan 12
261,99,Jan 12
261,177,Jan 12
261,21,Jan 12
261,161,Jan 12
261,5,Jan 12
262,121,Jan 12
262,91,Jan 12
262,109,Jan 12
262,28,Jan 12
263,65,Jan 12
263,119,Jan 12
263,157,Jan 12
263,90,Jan 12
264,124,Jan 12
264,31,Jan 12
264,40,Jan 12
264,149,Jan 12
264,19,Jan 12
264,50,Jan 12
264,25,Jan 12
264,114,Jan 12
264,103,Jan 12
264,88,Jan 12
264,123,Jan 12
264,168,Jan 12
265,117,Jan 12
265,111,Jan 12
265,118,Jan 12
265,125,Jan 12
265,51,Jan 12
265,60,Jan 12
265,136,Jan 12
265,112,Jan 12
265,9,Jan 12
265,137,Jan 12
265,68,Jan 12
265,178,Jan 12
265,138,Jan 12
265,108,Jan 12
265,127,Jan 12
265,61,Jan 13
265,41,Jan 13
265,147,Jan 13
265,94,Jan 13
265,35,Jan 13
265,80,Jan 13
265,92,Jan 13
265,77,Jan 13
266,140,Jan 13
266,76,Jan 13
266,26,Jan 13
266,71,Jan 13
266,8,Jan 13
266,27,Jan 13
266,30,Jan 13
266,105,Jan 13
266,55,Jan 13
266,84,Jan 13
267,7,Jan 13
267,144,Jan 13
267,83,Jan 13
267,172,Jan 13
267,106,Jan 13
267,52,Jan 13
267,22,Jan 13
267,47,Jan 13
267,179,Jan 13
268,16,Jan 13
268,70,Jan 13
268,153,Jan 13
268,156,Jan 13
268,173,Jan 13
268,67,Jan 13
268,73,Jan 13
268,62,Jan 13
268,12,Jan 13
269,100,Jan 13
269,17,Jan 13
269,79,Jan 13
269,86,Jan 13
269,78,Jan 13
269,115,Jan 13
269,4,Jan 13
269,133,Jan 13
269,171,Jan 13
269,29,Jan 13
269,101,Jan 13
270,164,Jan 13
270,134,Jan 13
270,72,Jan 13
271,85,Jan 13
271,154,Jan 13
271,139,Jan 13
271,10,Jan 13
271,143,Jan 13
271,102,Jan 13
272,174,Jan 13
272,37,Jan 13
272,54,Jan 13
272,97,Jan 13
272,159,Jan 13
273,122,Jan 13
273,113,Jan 13
273,69,Jan 13
273,167,Jan 13
273,169,Jan 13
274,53,Jan 13
275,176,Jan 13
275,129,Jan 13
275,130,Jan 13
276,23,Jan 13
276,89,Jan 13
276,148,Jan 13
276,59,Jan 13
276,141,Jan 13
276,58,Jan 13
276,162,Jan 13
276,163,Jan 13
276,38,Jan 13
277,18,Jan 13
277,75,Jan 13
277,46,Jan 13
277,82,Jan 13
277,0,Jan 13
277,39,Jan 13
277,120,Jan 13
277,13,Jan 13
277,15,Jan 13
278,1,Jan 13
278,81,Jan 13
278,63,Jan 13
278,93,Jan 13
278,44,Jan 13
278,150,Jan 13
278,145,Jan 13
278,116,Jan 13
278,45,Jan 13
278,32,Jan 13
278,3,Jan 13
278,34,Jan 13
278,20,Jan 13
278,128,Jan 13
278,152,Jan 13
279,135,Jan 13
279,160,Jan 13
279,43,Jan 13
279,74,Jan 13
279,165,Jan 13
279,166,Jan 13
279,6,Jan 13
279,110,Jan 13
279,96,Jan 13
279,104,Jan 13
279,42,Jan 13
279,33,Jan 13
279,142,Jan 13
280,155,Jan 13
280,131,Jan 13
281,24,Jan 13
281,2,Jan 13
281,14,Jan 13
281,126,Jan 13
282,95,Jan 13
282,175,Jan 13
282,98,Jan 13
282,49,Jan 13
282,87,Jan 13
283,57,Jan 13
283,64,Jan 13
283,36,Jan 13
283,99,Jan 13
283,177,Jan 13
283,21,Jan 13
283,161,Jan 13
283,5,Jan 13
284,121,Jan 13
284,91,Jan 13
284,109,Jan 13
284,28,Jan 13
285,65,Jan 13
285,119,Jan 13
285,157,Jan 13
285,90,Jan 13
286,124,Jan 13
286,31,Jan 13
286,40,Jan 13
286,149,Jan 13
286,19,Jan 13
286,50,Jan 13
286,25,Jan 13
286,114,Jan 13
286,103,Jan 13
286,88,Jan 13
286,123,Jan 13
286,168,Jan 13
287,117,Jan 13
287,111,Jan 13
287,118,Jan 13
287,125,Jan 13
287,51,Jan 13
287,60,Jan 13
287,136,Jan 13
287,112,Jan 13
287,9,Jan 13
287,137,Jan 13
287,68,Jan 13
287,178,Jan 13
287,138,Jan 13
287,108,Jan 13
287,127,Jan 13
287,61,Jan 14
287,41,Jan 14
287,147,Jan 14
287,94,Jan 14
287,35,Jan 14
287,80,Jan 14
287,92,Jan 14
287,77,Jan 14
288,140,Jan 14
288,76,Jan 14
288,26,Jan 14
288,71,Jan 14
288,8,Jan 14
288,27,Jan 14
288,30,Jan 14
288,105,Jan 14
288,55,Jan 14
288,84,Jan 14
289,7,Jan 14
289,144,Jan 14
289,83,Jan 14
289,172,Jan 14
289,106,Jan 14
289,52,Jan 14
289,22,Jan 14
289,47,Jan 14
289,179,Jan 14
290,16,Jan 14
290,70,Jan 14
290,153,Jan 14
290,156,Jan 14
290,173,Jan 14
290,67,Jan 14
290,73,Jan 14
290,62,Jan 14
290,12,Jan 14
291,100,Jan 14
291,17,Jan 14
291,79,Jan 14
291,86,Jan 14
291,78,Jan 14
291,115,Jan 14
291,4,Jan 14
291,133,Jan 14
291,171,Jan 14
291,29,Jan 14
291,101,Jan 14
292,164,Jan 14
292,134,Jan 14
292,72,Jan 14
293,85,Jan 14
293,154,Jan 14
293,139,Jan 14
293,10,Jan 14
293,143,Jan 14
293,102,Jan 14
294,174,Jan 14
294,37,Jan 14
294,54,Jan 14
294,97,Jan 14
294,159,Jan 14
295,122,Jan 14
295,113,Jan 14
295,69,Jan 14
295,167,Jan 14
295,169,Jan 14
296,53,Jan 14
297,176,Jan 14
297,129,Jan 14
297,130,Jan 14
298,23,Jan 14
298,89,Jan 14
298,148,Jan 14
298,59,Jan 14
298,141,Jan 14
298,58,Jan 14
298,162,Jan 14
298,163,Jan 14
298,38,Jan 14
299,18,Jan 14
299,75,Jan 14
299,46,Jan 14
299,82,Jan 14
299,0,Jan 14
299,39,Jan 14
299,120,Jan 14
299,13,Jan 14
299,15,Jan 14
300,1,Jan 14
300,81,Jan 14
300,63,Jan 14
300,93,Jan 14
300,44,Jan 14
300,150,Jan 14
300,145,Jan 14
300,116,Jan 14
300,45,Jan 14
300,32,Jan 14
300,3,Jan 14
300,34,Jan 14
300,20,Jan 14
300,128,Jan 14
300,152,Jan 14
301,135,Jan 14
301,160,Jan 14
301,43,Jan 14
301,74,Jan 14
301,165,Jan 14
301,166,Jan 14
301,6,Jan 14
301,110,Jan 14
301,96,Jan 14
301,104,Jan 14
301,42,Jan 14
301,33,Jan 14
301,142,Jan 14
302,155,Jan 14
302,131,Jan 14
303,24,Jan 14
303,2,Jan 14
303,14,Jan 14
303,126,Jan 14
304,95,Jan 14
304,175,Jan 14
304,98,Jan 14
304,49,Jan 14
304,87,Jan 14
305,57,Jan 14
305,64,Jan 14
305,36,Jan 14
305,99,Jan 14
305,177,Jan 14
305,21,Jan 14
305,161,Jan 14
305,5,Jan 14
306,121,Jan 14
306,91,Jan 14
306,109,Jan 14
306,28,Jan 14
307,65,Jan 14
307,119,Jan 14
307,157,Jan 14
307,90,Jan 14
308,124,Jan 14
308,31,Jan 14
308,40,Jan 14
308,149,Jan 14
308,19,Jan 14
308,50,Jan 14
308,25,Jan 14
308,114,Jan 14
308,103,Jan 14
308,88,Jan 14
308,123,Jan 14
308,168,Jan 14
309,117,Jan 14
309,111,Jan 14
309,118,Jan 14
309,125,Jan 14
309,51,Jan 14
309,60,Jan 14
309,136,Jan 14
309,112,Jan 14
309,9,Jan 14
309,137,Jan 14
309,68,Jan 14
309,178,Jan 14
309,138,Jan 14
309,108,Jan 14
309,127,Jan 14
309,61,Jan 15
309,41,Jan 15
309,147,Jan 15
309,94,Jan 15
309,35,Jan 15
309,80,Jan 15
309,92,Jan 15
309,77,Jan 15
310,140,Jan 15
310,76,Jan 15
310,26,Jan 15
310,71,Jan 15
310,8,Jan 15
310,27,Jan 15
310,30,Jan 15
310,105,Jan 15
310,55,Jan 15
310,84,Jan 15
311,7,Jan 15
311,144,Jan 15
311,83,Jan 15
311,172,Jan 15
311,106,Jan 15
311,52,Jan 15
311,22,Jan 15
311,47,Jan 15
311,179,Jan 15
312,16,Jan 15
312,70,Jan 15
312,153,Jan 15
312,156,Jan 15
312,173,Jan 15
312,67,Jan 15
312,73,Jan 15
312,62,Jan 15
312,12,Jan 15
313,100,Jan 15
313,17,Jan 15
313,79,Jan 15
313,86,Jan 15
313,78,Jan 15
313,115,Jan 15
313,4,Jan 15
313,133,Jan 15
313,171,Jan 15
313,29,Jan 15
313,101,Jan 15
314,164,Jan 15
314,134,Jan 15
314,72,Jan 15
315,85,Jan 15
315,154,Jan 15
315,139,Jan 15
315,10,Jan 15
315,143,Jan 15
315,102,Jan 15
316,174,Jan 15
316,37,Jan 15
316,54,Jan 15
316,97,Jan 15
316,159,Jan 15
317,122,Jan 15
317,113,Jan 15
317,69,Jan 15
317,167,Jan 15
317,169,Jan 15
318,53,Jan 15
319,176,Jan 15
319,129,Jan 15
319,130,Jan 15
320,23,Jan 15
320,89,Jan 15
320,148,Jan 15
320,59,Jan 15
320,141,Jan 15
320,58,Jan 15
320,162,Jan 15
320,163,Jan 15
320,38,Jan 15
321,18,Jan 15
321,75,Jan 15
321,46,Jan 15
321,82,Jan 15
321,0,Jan 15
321,39,Jan 15
321,120,Jan 15
321,13,Jan 15
321,15,Jan 15
322,1,Jan 15
322,81,Jan 15
322,63,Jan 15
322,93,Jan 15
322,44,Jan 15
322,150,Jan 15
322,145,Jan 15
322,116,Jan 15
322,45,Jan 15
322,32,Jan 15
322,3,Jan 15
322,34,Jan 15
322,20,Jan 15
322,128,Jan 15
322,152,Jan 15
323,135,Jan 15
323,160,Jan 15
323,43,Jan 15
323,74,Jan 15
323,165,Jan 15
323,166,Jan 15
323,6,Jan 15
323,110,Jan 15
323,96,Jan 15
323,104,Jan 15
323,42,Jan 15
323,33,Jan 15
323,142,Jan 15
324,155,Jan 15
324,131,Jan 15
325,24,Jan 15
325,2,Jan 15
325,14,Jan 15
325,126,Jan 15
326,95,Jan 15
326,175,Jan 15
326,98,Jan 15
326,49,Jan 15
326,87,Jan 15
327,57,Jan 15
327,64,Jan 15
327,36,Jan 15
327,99,Jan 15
327,177,Jan 15
327,21,Jan 15
327,161,Jan 15
327,5,Jan 15
328,121,Jan 15
328,91,Jan 15
328,109,Jan 15
328,28,Jan 15
329,65,Jan 15
329,119,Jan 15
329,157,Jan 15
329,90,Jan 15
330,124,Jan 15
330,31,Jan 15
330,40,Jan 15
330,149,Jan 15
330,19,Jan 15
330,50,Jan 15
330,25,Jan 15
330,114,Jan 15
330,103,Jan 15
330,88,Jan 15
330,123,Jan 15
330,168,Jan 15
331,117,Jan 15
331,111,Jan 15
331,118,Jan 15
331,125,Jan 15
331,51,Jan 15
331,60,Jan 15
331,136,Jan 15
331,112,Jan 15
331,9,Jan 15
331,137,Jan 15
331,68,Jan 15
331,178,Jan 15
331,138,Jan 15
331,108,Jan 15
331,127,Jan 15
331,61,Jan 16
331,41,Jan 16
331,147,Jan 16
331,94,Jan 16
331,35,Jan 16
331,80,Jan 16
331,92,Jan 16
331,77,Jan 16
332,140,Jan 16
332,76,Jan 16
332,26,Jan 16
332,71,Jan 16
332,8,Jan 16
332,27,Jan 16
332,30,Jan 16
332,105,Jan 16
332,55,Jan 16
332,84,Jan 16
333,7,Jan 16
333,144,Jan 16
333,83,Jan 16
333,172,Jan 16
333,106,Jan 16
333,52,Jan 16
333,22,Jan 16
333,47,Jan 16
333,179,Jan 16
334,16,Jan 16
334,70,Jan 16
334,153,Jan 16
334,156,Jan 16
334,173,Jan 16
334,67,Jan 16
334,73,Jan 16
334,62,Jan 16
334,12,Jan 16
335,100,Jan 16
335,17,Jan 16
335,79,Jan 16
335,86,Jan 16
335,78,Jan 16
335,115,Jan 16
335,4,Jan 16
335,133,Jan 16
335,171,Jan 16
335,29,Jan 16
335,101,Jan 16
336,164,Jan 16
336,134,Jan 16
336,72,Jan 16
337,85,Jan 16
337,154,Jan 16
337,139,Jan 16
337,10,Jan 16
337,143,Jan 16
337,102,Jan 16
338,174,Jan 16
338,37,Jan 16
338,54,Jan 16
338,97,Jan 16
338,159,Jan 16
339,122,Jan 16
339,113,Jan 16
339,69,Jan 16
339,167,Jan 16
339,169,Jan 16
340,53,Jan 16
341,176,Jan 16
341,129,Jan 16
341,130,Jan 16
342,23,Jan 16
342,89,Jan 16
342,148,Jan 16
342,59,Jan 16
342,141,Jan 16
342,58,Jan 16
342,162,Jan 16
342,163,Jan 16
342,38,Jan 16
343,18,Jan 16
343,75,Jan 16
343,46,Jan 16
343,82,Jan 16
343,0,Jan 16
343,39,Jan 16
343,120,Jan 16
343,13,Jan 16
343,15,Jan 16
344,1,Jan 16
344,81,Jan 16
344,63,Jan 16
344,93,Jan 16
344,44,Jan 16
344,150,Jan 16
344,145,Jan 16
344,116,Jan 16
344,45,Jan 16
344,32,Jan 16
344,3,Jan 16
344,34,Jan 16
344,20,Jan 16
344,128,Jan 16
344,152,Jan 16
345,135,Jan 16
345,160,Jan 16
345,43,Jan 16
345,74,Jan 16
345,165,Jan 16
345,166,Jan 16
345,6,Jan 16
345,110,Jan 16
345,96,Jan 16
345,104,Jan 16
345,42,Jan 16
345,33,Jan 16
345,142,Jan 16
346,155,Jan 16
346,131,Jan 16
347,24,Jan 16
347,2,Jan 16
347,14,Jan 16
347,126,Jan 16
348,95,Jan 16
348,175,Jan 16
348,98,Jan 16
348,49,Jan 16
348,87,Jan 16
349,57,Jan 16
349,64,Jan 16
349,36,Jan 16
349,99,Jan 16
349,177,Jan 16
349,21,Jan 16
349,161,Jan 16
349,5,Jan 16
350,121,Jan 16
350,91,Jan 16
350,109,Jan 16
350,28,Jan 16
351,65,Jan 16
351,119,Jan 16
351,157,Jan 16
351,90,Jan 16
352,124,Jan 16
352,31,Jan 16
352,40,Jan 16
352,149,Jan 16
352,19,Jan 16
352,50,Jan 16
352,25,Jan 16
352,114,Jan 16
352,103,Jan 16
352,88,Jan 16
352,123,Jan 16
352,168,Jan 16
353,117,Jan 16
353,111,Jan 16
353,118,Jan 16
353,125,Jan 16
353,51,Jan 16
353,60,Jan 16
353,136,Jan 16
353,112,Jan 16
353,9,Jan 16
353,137,Jan 16
353,68,Jan 16
353,178,Jan 16
353,138,Jan 16
353,108,Jan 16
353,127,Jan 16
353,61,Jan 17
353,41,Jan 17
353,147,Jan 17
353,94,Jan 17
353,35,Jan 17
353,80,Jan 17
353,92,Jan 17
353,77,Jan 17
354,140,Jan 17
354,76,Jan 17
354,26,Jan 17
354,71,Jan 17
354,8,Jan 17
354,27,Jan 17
354,30,Jan 17
354,105,Jan 17
354,55,Jan 17
354,84,Jan 17
355,7,Jan 17
355,144,Jan 17
355,83,Jan 17
355,172,Jan 17
355,106,Jan 17
355,52,Jan 17
355,22,Jan 17
355,47,Jan 17
355,179,Jan 17
356,16,Jan 17
356,70,Jan 17
356,153,Jan 17
356,156,Jan 17
356,173,Jan 17
356,67,Jan 17
356,73,Jan 17
356,62,Jan 17
356,12,Jan 17
357,100,Jan 17
357,17,Jan 17
357,79,Jan 17
357,86,Jan 17
357,78,Jan 17
357,115,Jan 17
357,4,Jan 17
357,133,Jan 17
357,171,Jan 17
357,29,Jan 17
357,101,Jan 17
358,164,Jan 17
358,134,Jan 17
358,72,Jan 17
359,85,Jan 17
359,154,Jan 17
359,139,Jan 17
359,10,Jan 17
359,143,Jan 17
359,102,Jan 17
360,174,Jan 17
360,37,Jan 17
360,54,Jan 17
360,97,Jan 17
360,159,Jan 17
361,122,Jan 17
361,113,Jan 17
361,69,Jan 17
361,167,Jan 17
361,169,Jan 17
362,53,Jan 17
363,176,Jan 17
363,129,Jan 17
363,130,Jan 17
364,23,Jan 17
364,89,Jan 17
364,148,Jan 17
364,59,Jan 17
364,141,Jan 17
364,58,Jan 17
364,162,Jan 17
364,163,Jan 17
364,38,Jan 17
365,18,Jan 17
365,75,Jan 17
365,46,Jan 17
365,82,Jan 17
365,0,Jan 17
365,39,Jan 17
365,120,Jan 17
365,13,Jan 17
365,15,Jan 17
366,1,Jan 17
366,81,Jan 17
366,63,Jan 17
366,93,Jan 17
366,44,Jan 17
366,150,Jan 17
366,145,Jan 17
366,116,Jan 17
366,45,Jan 17
366,32,Jan 17
366,3,Jan 17
366,34,Jan 17
366,20,Jan 17
366,128,Jan 17
366,152,Jan 17
367,135,Jan 17
367,160,Jan 17
367,43,Jan 17
367,74,Jan 17
367,165,Jan 17
367,166,Jan 17
367,6,Jan 17
367,110,Jan 17
367,96,Jan 17
367,104,Jan 17
367,42,Jan 17
367,33,Jan 17
367,142,Jan 17
368,155,Jan 17
368,131,Jan 17
369,24,Jan 17
369,2,Jan 17
369,14,Jan 17
369,126,Jan 17
370,95,Jan 17
370,175,Jan 17
370,98,Jan 17
370,49,Jan 17
370,87,Jan 17
371,57,Jan 17
371,64,Jan 17
371,36,Jan 17
371,99,Jan 17
371,177,Jan 17
371,21,Jan 17
371,161,Jan 17
371,5,Jan 17
372,121,Jan 17
372,91,Jan 17
372,109,Jan 17
372,28,Jan 17
373,65,Jan 17
373,119,Jan 17
373,157,Jan 17
373,90,Jan 17
374,124,Jan 17
374,31,Jan 17
374,40,Jan 17
374,149,Jan 17
374,19,Jan 17
374,50,Jan 17
374,25,Jan 17
374,114,Jan 17
374,103,Jan 17
374,88,Jan 17
374,123,Jan 17
374,168,Jan 17
375,117,Jan 17
375,111,Jan 17
375,118,Jan 17
375,125,Jan 17
375,51,Jan 17
375,60,Jan 17
375,136,Jan 17
375,112,Jan 17
375,9,Jan 17
375,137,Jan 17
375,68,Jan 17
375,178,Jan 17
375,138,Jan 17
375,108,Jan 17
375,127,Jan 17
375,61,Jan 18
375,41,Jan 18
375,147,Jan 18
375,94,Jan 18
375,35,Jan 18
375,80,Jan 18
375,92,Jan 18
375,77,Jan 18
376,140,Jan 18
376,76,Jan 18
376,26,Jan 18
376,71,Jan 18
376,8,Jan 18
376,27,Jan 18
376,30,Jan 18
376,105,Jan 18
376,55,Jan 18
376,84,Jan 18
377,7,Jan 18
377,144,Jan 18
377,83,Jan 18
377,172,Jan 18
377,106,Jan 18
377,52,Jan 18
377,22,Jan 18
377,47,Jan 18
377,179,Jan 18
378,16,Jan 18
378,70,Jan 18
378,153,Jan 18
378,156,Jan 18
378,173,Jan 18
378,67,Jan 18
378,73,Jan 18
378,62,Jan 18
378,12,Jan 18
379,100,Jan 18
379,17,Jan 18
379,79,Jan 18
379,86,Jan 18
379,78,Jan 18
379,115,Jan 18
379,4,Jan 18
379,133,Jan 18
379,171,Jan 18
379,29,Jan 18
379,101,Jan 18
380,164,Jan 18
380,134,Jan 18
380,72,Jan 18
381,85,Jan 18
381,154,Jan 18
381,139,Jan 18
381,10,Jan 18
381,143,Jan 18
381,102,Jan 18
382,174,Jan 18
382,37,Jan 18
382,54,Jan 18
382,97,Jan 18
382,159,Jan 18
383,122,Jan 18
383,113,Jan 18
383,69,Jan 18
383,167,Jan 18
383,169,Jan 18
384,53,Jan 18
385,176,Jan 18
385,129,Jan 18
385,130,Jan 18
386,23,Jan 18
386,89,Jan 18
386,148,Jan 18
386,59,Jan 18
386,141,Jan 18
386,58,Jan 18
386,162,Jan 18
386,163,Jan 18
386,38,Jan 18
387,18,Jan 18
387,75,Jan 18
387,46,Jan 18
387,82,Jan 18
387,0,Jan 18
387,39,Jan 18
387,120,Jan 18
387,13,Jan 18
387,15,Jan 18
388,1,Jan 18
388,81,Jan 18
388,63,Jan 18
388,93,Jan 18
388,44,Jan 18
388,150,Jan 18
388,145,Jan 18
388,116,Jan 18
388,45,Jan 18
388,32,Jan 18
388,3,Jan 18
388,34,Jan 18
388,20,Jan 18
388,128,Jan 18
388,152,Jan 18
389,135,Jan 18
389,160,Jan 18
389,43,Jan 18
389,74,Jan 18
389,165,Jan 18
389,166,Jan 18
389,6,Jan 18
389,110,Jan 18
389,96,Jan 18
389,104,Jan 18
389,42,Jan 18
389,33,Jan 18
389,142,Jan 18
390,155,Jan 18
390,131,Jan 18
391,24,Jan 18
391,2,Jan 18
391,14,Jan 18
391,126,Jan 18
392,95,Jan 18
392,175,Jan 18
392,98,Jan 18
392,49,Jan 18
392,87,Jan 18
393,57,Jan 18
393,64,Jan 18
393,36,Jan 18
393,99,Jan 18
393,177,Jan 18
393,21,Jan 18
393,161,Jan 18
393,5,Jan 18
394,121,Jan 18
394,91,Jan 18
394,109,Jan 18
394,28,Jan 18
395,65,Jan 18
395,119,Jan 18
395,157,Jan 18
395,90,Jan 18
396,124,Jan 18
396,31,Jan 18
396,40,Jan 18
396,149,Jan 18
396,19,Jan 18
396,50,Jan 18
396,25,Jan 18
396,114,Jan 18
396,103,Jan 18
396,88,Jan 18
396,123,Jan 18
396,168,Jan 18
397,117,Jan 18
397,111,Jan 18
397,118,Jan 18
397,125,Jan 18
397,51,Jan 18
397,60,Jan 18
397,136,Jan 18
397,112,Jan 18
397,9,Jan 18
397,137,Jan 18
397,68,Jan 18
397,178,Jan 18
397,138,Jan 18
397,108,Jan 18
397,127,Jan 18
397,61,Jan 19
397,41,Jan 19
397,147,Jan 19
397,94,Jan 19
397,35,Jan 19
397,80,Jan 19
397,92,Jan 19
397,77,Jan 19
398,140,Jan 19
398,76,Jan 19
398,26,Jan 19
398,71,Jan 19
398,8,Jan 19
398,27,Jan 19
398,30,Jan 19
398,105,Jan 19
398,55,Jan 19
398,84,Jan 19
399,7,Jan 19
399,144,Jan 19
399,83,Jan 19
399,172,Jan 19
399,106,Jan 19
399,52,Jan 19
399,22,Jan 19
399,47,Jan 19
399,179,Jan 19
400,16,Jan 19
400,70,Jan 19
400,153,Jan 19
400,156,Jan 19
400,173,Jan 19
400,67,Jan 19
400,73,Jan 19
400,62,Jan 19
400,12,Jan 19
401,100,Jan 19
401,17,Jan 19
401,79,Jan 19
401,86,Jan 19
401,78,Jan 19
401,115,Jan 19
401,4,Jan 19
401,133,Jan 19
401,171,Jan 19
401,29,Jan 19
401,101,Jan 19
402,164,Jan 19
402,134,Jan 19
402,72,Jan 19
403,85,Jan 19
403,154,Jan 19
403,139,Jan 19
403,10,Jan 19
403,143,Jan 19
403,102,Jan 19
404,174,Jan 19
404,37,Jan 19
404,54,Jan 19
404,97,Jan 19
404,159,Jan 19
405,122,Jan 19
405,113,Jan 19
405,69,Jan 19
405,167,Jan 19
405,169,Jan 19
406,53,Jan 19
407,176,Jan 19
407,129,Jan 19
407,130,Jan 19
408,23,Jan 19
408,89,Jan 19
408,148,Jan 19
408,59,Jan 19
408,141,Jan 19
408,58,Jan 19
408,162,Jan 19
408,163,Jan 19
408,38,Jan 19
409,18,Jan 19
409,75,Jan 19
409,46,Jan 19
409,82,Jan 19
409,0,Jan 19
409,39,Jan 19
409,120,Jan 19
409,13,Jan 19
409,15,Jan 19
410,1,Jan 19
410,81,Jan 19
410,63,Jan 19
410,93,Jan 19
410,44,Jan 19
410,150,Jan 19
410,145,Jan 19
410,116,Jan 19
410,45,Jan 19
410,32,Jan 19
410,3,Jan 19
410,34,Jan 19
410,20,Jan 19
410,128,Jan 19
410,152,Jan 19
411,135,Jan 19
411,160,Jan 19
411,43,Jan 19
411,74,Jan 19
411,165,Jan 19
411,166,Jan 19
411,6,Jan 19
411,110,Jan 19
411,96,Jan 19
411,104,Jan 19
411,42,Jan 19
411,33,Jan 19
411,142,Jan 19
412,155,Jan 19
412,131,Jan 19
413,24,Jan 19
413,2,Jan 19
413,14,Jan 19
413,126,Jan 19
414,95,Jan 19
414,175,Jan 19
414,98,Jan 19
414,49,Jan 19
414,87,Jan 19
415,57,Jan 19
415,64,Jan 19
415,36,Jan 19
415,99,Jan 19
415,177,Jan 19
415,21,Jan 19
415,161,Jan 19
415,5,Jan 19
416,121,Jan 19
416,91,Jan 19
416,109,Jan 19
416,28,Jan 19
417,65,Jan 19
417,119,Jan 19
417,157,Jan 19
417,90,Jan 19
418,124,Jan 19
418,31,Jan 19
418,40,Jan 19
418,149,Jan 19
418,19,Jan 19
418,50,Jan 19
418,25,Jan 19
418,114,Jan 19
418,103,Jan 19
418,88,Jan 19
418,123,Jan 19
418,168,Jan 19
419,117,Jan 19
419,111,Jan 19
419,118,Jan 19
419,125,Jan 19
419,51,Jan 19
419,60,Jan 19
419,136,Jan 19
419,112,Jan 19
419,9,Jan 19
419,137,Jan 19
419,68,Jan 19
419,178,Jan 19
419,138,Jan 19
419,108,Jan 19
419,127,Jan 19
419,61,Jan 20
419,41,Jan 20
419,147,Jan 20
419,94,Jan 20
419,35,Jan 20
419,80,Jan 20
419,92,Jan 20
419,77,Jan 20
420,140,Jan 20
420,76,Jan 20
420,26,Jan 20
420,71,Jan 20
420,8,Jan 20
420,27,Jan 20
420,30,Jan 20
420,105,Jan 20
420,55,Jan 20
420,84,Jan 20
421,7,Jan 20
421,144,Jan 20
421,83,Jan 20
421,172,Jan 20
421,106,Jan 20
421,52,Jan 20
421,22,Jan 20
421,47,Jan 20
421,179,Jan 20
422,16,Jan 20
422,70,Jan 20
422,153,Jan 20
422,156,Jan 20
422,173,Jan 20
422,67,Jan 20
422,73,Jan 20
422,62,Jan 20
422,12,Jan 20
423,100,Jan 20
423,17,Jan 20
423,79,Jan 20
423,86,Jan 20
423,78,Jan 20
423,115,Jan 20
423,4,Jan 20
423,133,Jan 20
423,171,Jan 20
423,29,Jan 20
423,101,Jan 20
424,164,Jan 20
424,134,Jan 20
424,72,Jan 20
425,85,Jan 20
425,154,Jan 20
425,139,Jan 20
425,10,Jan 20
425,143,Jan 20
425,102,Jan 20
426,174,Jan 20
426,37,Jan 20
426,54,Jan 20
426,97,Jan 20
426,159,Jan 20
427,122,Jan 20
427,113,Jan 20
427,69,Jan 20
427,167,Jan 20
427,169,Jan 20
428,53,Jan 20
429,176,Jan 20
429,129,Jan 20
429,130,Jan 20
430,23,Jan 20
430,89,Jan 20
430,148,Jan 20
430,59,Jan 20
430,141,Jan 20
430,58,Jan 20
430,162,Jan 20
430,163,Jan 20
430,38,Jan 20
431,18,Jan 20
431,75,Jan 20
431,46,Jan 20
431,82,Jan 20
431,0,Jan 20
431,39,Jan 20
431,120,Jan 20
431,13,Jan 20
431,15,Jan 20
432,1,Jan 20
432,81,Jan 20
432,63,Jan 20
432,93,Jan 20
432,44,Jan 20
432,150,Jan 20
432,145,Jan 20
432,116,Jan 20
432,45,Jan 20
432,32,Jan 20
432,3,Jan 20
432,34,Jan 20
432,20,Jan 20
432,128,Jan 20
432,152,Jan 20
433,135,Jan 20
433,160,Jan 20
433,43,Jan 20
433,74,Jan 20
433,165,Jan 20
433,166,Jan 20
433,6,Jan 20
433,110,Jan 20
433,96,Jan 20
433,104,Jan 20
433,42,Jan 20
433,33,Jan 20
433,142,Jan 20
434,155,Jan 20
434,131,Jan 20
435,24,Jan 20
435,2,Jan 20
435,14,Jan 20
435,126,Jan 20
436,95,Jan 20
436,175,Jan 20
436,98,Jan 20
436,49,Jan 20
436,87,Jan 20
437,57,Jan 20
437,64,Jan 20
437,36,Jan 20
437,99,Jan 20
437,177,Jan 20
437,21,Jan 20
437,161,Jan 20
437,5,Jan 20
438,121,Jan 20
438,91,Jan 20
438,109,Jan 20
438,28,Jan 20
439,65,Jan 20
439,119,Jan 20
439,157,Jan 20
439,90,Jan 20
440,124,Jan 20
440,31,Jan 20
440,40,Jan 20
440,149,Jan 20
440,19,Jan 20
440,50,Jan 20
440,25,Jan 20
440,114,Jan 20
440,103,Jan 20
440,88,Jan 20
440,123,Jan 20
440,168,Jan 20
441,117,Jan 20
441,111,Jan 20
441,118,Jan 20
441,125,Jan 20
441,51,Jan 20
441,60,Jan 20
441,136,Jan 20
441,112,Jan 20
441,9,Jan 20
441,137,Jan 20
441,68,Jan 20
441,178,Jan 20
441,138,Jan 20
441,108,Jan 20
441,127,Jan 20
441,61,Jan 21
441,41,Jan 21
441,147,Jan 21
441,94,Jan 21
441,35,Jan 21
441,80,Jan 21
441,92,Jan 21
441,77,Jan 21
442,140,Jan 21
442,76,Jan 21
442,26,Jan 21
442,71,Jan 21
442,8,Jan 21
442,27,Jan 21
442,30,Jan 21
442,105,Jan 21
442,55,Jan 21
442,84,Jan 21
443,7,Jan 21
443,144,Jan 21
443,83,Jan 21
443,172,Jan 21
443,106,Jan 21
443,52,Jan 21
443,22,Jan 21
443,47,Jan 21
443,179,Jan 21
444,16,Jan 21
444,70,Jan 21
444,153,Jan 21
444,156,Jan 21
444,173,Jan 21
444,67,Jan 21
444,73,Jan 21
444,62,Jan 21
444,12,Jan 21
445,100,Jan 21
445,17,Jan 21
445,79,Jan 21
445,86,Jan 21
445,78,Jan 21
445,115,Jan 21
445,4,Jan 21
445,133,Jan 21
445,171,Jan 21
445,29,Jan 21
445,101,Jan 21
446,164,Jan 21
446,134,Jan 21
446,72,Jan 21
447,85,Jan 21
447,154,Jan 21
447,139,Jan 21
447,10,Jan 21
447,143,Jan 21
447,102,Jan 21
448,174,Jan 21
448,37,Jan 21
448,54,Jan 21
448,97,Jan 21
448,159,Jan 21
449,122,Jan 21
449,113,Jan 21
449,69,Jan 21
449,167,Jan 21
449,169,Jan 21
450,53,Jan 21
451,176,Jan 21
451,129,Jan 21
451,130,Jan 21
452,23,Jan 21
452,89,Jan 21
452,148,Jan 21
452,59,Jan 21
452,141,Jan 21
452,58,Jan 21
452,162,Jan 21
452,163,Jan 21
452,38,Jan 21
453,18,Jan 21
453,75,Jan 21
453,46,Jan 21
453,82,Jan 21
453,0,Jan 21
453,39,Jan 21
453,120,Jan 21
453,13,Jan 21
453,15,Jan 21
454,1,Jan 21
454,81,Jan 21
454,63,Jan 21
454,93,Jan 21
454,44,Jan 21
454,150,Jan 21
454,145,Jan 21
454,116,Jan 21
454,45,Jan 21
454,32,Jan 21
454,3,Jan 21
454,34,Jan 21
454,20,Jan 21
454,128,Jan 21
454,152,Jan 21
455,135,Jan 21
455,160,Jan 21
455,43,Jan 21
455,74,Jan 21
455,165,Jan 21
455,166,Jan 21
455,6,Jan 21
455,110,Jan 21
455,96,Jan 21
455,104,Jan 21
455,42,Jan 21
455,33,Jan 21
455,142,Jan 21
456,155,Jan 21
456,131,Jan 21
457,24,Jan 21
457,2,Jan 21
457,14,Jan 21
457,126,Jan 21
458,95,Jan 21
458,175,Jan 21
458,98,Jan 21
458,49,Jan 21
458,87,Jan 21
459,57,Jan 21
459,64,Jan 21
459,36,Jan 21
459,99,Jan 21
459,177,Jan 21
459,21,Jan 21
459,161,Jan 21
459,5,Jan 21
460,121,Jan 21
460,91,Jan 21
460,109,Jan 21
460,28,Jan 21
461,65,Jan 21
461,119,Jan 21
461,157,Jan 21
461,90,Jan 21
462,124,Jan 21
462,31,Jan 21
462,40,Jan 21
462,149,Jan 21
462,19,Jan 21
462,50,Jan 21
462,25,Jan 21
462,114,Jan 21
462,103,Jan 21
462,88,Jan 21
462,123,Jan 21
462,168,Jan 21
463,117,Jan 21
463,111,Jan 21
463,118,Jan 21
463,125,Jan 21
463,51,Jan 21
463,60,Jan 21
463,136,Jan 21
463,112,Jan 21
463,9,Jan 21
463,137,Jan 21
463,68,Jan 21
463,178,Jan 21
463,138,Jan 21
463,108,Jan 21
463,127,Jan 21
463,61,Jan 22
463,41,Jan 22
463,147,Jan 22
463,94,Jan 22
463,35,Jan 22
463,80,Jan 22
463,92,Jan 22
463,77,Jan 22
464,140,Jan 22
464,76,Jan 22
464,26,Jan 22
464,71,Jan 22
464,8,Jan 22
464,27,Jan 22
464,30,Jan 22
464,105,Jan 22
464,55,Jan 22
464,84,Jan 22
465,7,Jan 22
465,144,Jan 22
465,83,Jan 22
465,172,Jan 22
465,106,Jan 22
465,52,Jan 22
465,22,Jan 22
465,47,Jan 22
465,179,Jan 22
466,16,Jan 22
466,70,Jan 22
466,153,Jan 22
466,156,Jan 22
466,173,Jan 22
466,67,Jan 22
466,73,Jan 22
466,62,Jan 22
466,12,Jan 22
467,100,Jan 22
467,17,Jan 22
467,79,Jan 22
467,86,Jan 22
467,78,Jan 22
467,115,Jan 22
467,4,Jan 22
467,133,Jan 22
467,171,Jan 22
467,29,Jan 22
467,101,Jan 22
468,164,Jan 22
468,134,Jan 22
468,72,Jan 22
469,85,Jan 22
469,154,Jan 22
469,139,Jan 22
469,10,Jan 22
469,143,Jan 22
469,102,Jan 22
470,174,Jan 22
470,37,Jan 22
470,54,Jan 22
470,97,Jan 22
470,159,Jan 22
471,122,Jan 22
471,113,Jan 22
471,69,Jan 22
471,167,Jan 22
471,169,Jan 22
472,53,Jan 22
473,176,Jan 22
473,129,Jan 22
473,130,Jan 22
474,23,Jan 22
474,89,Jan 22
474,148,Jan 22
474,59,Jan 22
474,141,Jan 22
474,58,Jan 22
474,162,Jan 22
474,163,Jan 22
474,38,Jan 22
475,18,Jan 22
475,75,Jan 22
475,46,Jan 22
475,82,Jan 22
475,0,Jan 22
475,39,Jan 22
475,120,Jan 22
475,13,Jan 22
475,15,Jan 22
476,1,Jan 22
476,81,Jan 22
476,63,Jan 22
476,93,Jan 22
476,44,Jan 22
476,150,Jan 22
476,145,Jan 22
476,116,Jan 22
476,45,Jan 22
476,32,Jan 22
476,3,Jan 22
476,34,Jan 22
476,20,Jan 22
476,128,Jan 22
476,152,Jan 22
477,135,Jan 22
477,160,Jan 22
477,43,Jan 22
477,74,Jan 22
477,165,Jan 22
477,166,Jan 22
477,6,Jan 22
477,110,Jan 22
477,96,Jan 22
477,104,Jan 22
477,42,Jan 22
477,33,Jan 22
477,142,Jan 22
478,155,Jan 22
478,131,Jan 22
479,24,Jan 22
479,2,Jan 22
479,14,Jan 22
479,126,Jan 22
480,95,Jan 22
480,175,Jan 22
480,98,Jan 22
480,49,Jan 22
480,87,Jan 22
481,57,Jan 22
481,64,Jan 22
481,36,Jan 22
481,99,Jan 22
481,177,Jan 22
481,21,Jan 22
481,161,Jan 22
481,5,Jan 22
482,121,Jan 22
482,91,Jan 22
482,109,Jan 22
482,28,Jan 22
483,65,Jan 22
483,119,Jan 22
483,157,Jan 22
483,90,Jan 22
484,124,Jan 22
484,31,Jan 22
484,40,Jan 22
484,149,Jan 22
484,19,Jan 22
484,50,Jan 22
484,25,Jan 22
484,114,Jan 22
484,103,Jan 22
484,88,Jan 22
484,123,Jan 22
484,168,Jan 22
485,117,Jan 22
485,111,Jan 22
485,118,Jan 22
485,125,Jan 22
485,51,Jan 22
485,60,Jan 22
485,136,Jan 22
485,112,Jan 22
485,9,Jan 22
485,137,Jan 22
485,68,Jan 22
485,178,Jan 22
485,138,Jan 22
485,108,Jan 22
485,127,Jan 22
